단지명,주소,전화번호,세대수,시도,시군구,동리,kaptCode,관리업체,시공사,준공년도
강화2차 세광 엔리치빌 아파트,인천광역시 강화군 선원면 중앙로 253-1,329327551,497.0,인천광역시,강화군,창리,A41782301,(주)화신지엠에스,세광종합건설(주),2004
강화1차 세광엔리치빌아파트,인천광역시 강화군 선원면 중앙로 253-1,329327551,576.0,인천광역시,강화군,창리,A41782302,미래TMS(주),세광종합건설(주),2001
강화현대아파트,인천시 강화군 강화읍 강화대로 191-14,329329277,219.0,인천광역시,강화군,갑곳리,A41780102,우리관리(주),현대건설,1994
초정마을 두산쌍용 아파트,인천 계양구 계양문화로 142,032-553-1042,798.0,인천광역시,계양구,용종동,A40770904,우리관리(주),"두산건설,쌍용건설",1997
병방 학마을 한진 아파트,인천광역시 계양구 용종로 124 학마을한진아파트관리사무소,032-546-9423,1500.0,인천광역시,계양구,병방동,A40770805,광인산업(주),한진건설,1998
도두리마을 대동아파트,인천광역시 계양구 도두리로 74,325526650,1299.0,인천광역시,계양구,작전동,A40771305,에이비엠(주),대동주택종합건설,1997
오류신동아아파트,인천광역시 계양구 황어로115번길 10(오류동),325148225,1192.0,인천광역시,계양구,오류동,A40776901,(주)대한주택개발,신동아건설(주),1997
용종 초정마을동아 아파트,인천광역시계양구계산새로109,325536466,616.0,인천광역시,계양구,용종동,A40770903,한국주택시설관리,동아건설,1998
계산 현대 아파트,인천광역시 계양구 계산로 165,325452376,1248.0,인천광역시,계양구,계산동,A40780017,주식회사 푸른종합주택관리,현대산업개발주식회사,1992
계산 주공 아파트,인천시 계양구 경명대로 1142번길 3,325437160,1140.0,인천광역시,계양구,계산동,A40776316,에이비엠(주),대한주택공사,1990
작전 풍림아이원 아파트,인천광역시 계양구 작전1동 169번지,325555335,468.0,인천광역시,계양구,작전동,A40781809,(주)화신지엠에스,풍림산업(주),2003
용종 초정마을하나아파트,인천 계양구 계양문화로 168,325497463,972.0,인천광역시,계양구,용종동,A40770905,에이비엠(주),한국공영,1997
작전현대2-2차아파트,인천광역시 계양구 효서로381,325499075,904.0,인천광역시,계양구,작전동,A40771502,에이비엠(주),성호주택,1993
작전 현광 아파트,인천 계양구 아나지로 388,032-297-9316,392.0,인천광역시,계양구,작전동,A40782101,화신GMS,주)현광건설,1992
계양센트레빌3단지,계양구 형제봉길 1번지,325484464,454.0,인천광역시,계양구,귤현동,A40772203,주식회사 푸른종합주택관리,동부건설(주),2013
작전 현대3차 아파트,인천 계양구 주부토로 413번길 18,325482574,390.0,인천광역시,계양구,작전동,A40782304,화신 GMS,현대산업개발,1992
효성 금호어울림 아파트,인천 계양구 아나지로198번길 11,032-554-4966,410.0,인천광역시,계양구,효성동,A40704001,미래TMS(주),금호건설,2005
은행마을태산,인천 계양구 계산4동 1084-3,032-547-1378,544.0,인천광역시,계양구,계산동,A40773701,에이비엠(주),(주) 태산,1997
계양그대가,인천 계양구 효서로 417,325446622,373.0,인천광역시,계양구,서운동,A40707002,세화종합관리(주),임광토건,2009
병방 학마을 서원 아파트,인천광역시 계양구 용종로123(병방동),322974535,688.0,인천광역시,계양구,병방동,A40776802,주식회사 대승케이비엠,서원건설(주),1997
동양 휴먼빌 아파트,인천 계양구 동양동 613,325489808,466.0,인천광역시,계양구,동양동,A40734002,(주)쌍용개발,(주)일신건영,2007
작전 미도 아파트,계양구 작전동 아나지로299번길17,325444428,480.0,인천광역시,계양구,작전동,A40781605,(주)화신지엠에스,가나안진흥건설,1990
귤현 현대아이파크 아파트,인천시 계양구 장군봉길 12(귤현동489),325473773,394.0,인천광역시,계양구,귤현동,A40772201,신화비엠씨(주),현대산업개발,2004
계산은행마을태평아파트,인천 계양구 용종로 20,032-551-2812,574.0,인천광역시,계양구,계산동,A40780913,에이비엠(주),태평건설,1997
작전 뉴서울2차 아파트,인천시 계양구 작전1동 26-1,325421464,400.0,인천광역시,계양구,작전동,A40781706,에이비엠(주),뉴서울주택,1992
도두리마을 동남롯데아파트,인천광역시 계양구 도두리로 62,325533120,1282.0,인천광역시,계양구,작전동,A40771404,대원에스테이트서비스(주),"동남기업, 롯데건설",1997
계양한화꿈에그린아파트,인천광역시 계양구 동양로10,325470058,670.0,인천광역시,계양구,박촌동,A40733003,미래티엠에스(주),(주)한화건설,2005
계산 하나 아파트,인천시 계양구 경명대로 1114번길6,325414981,994.0,인천광역시,계양구,계산동,A40776415, ,한국공영(주),1987
작전동보아파트,인천시 계양구 주부토로363번길 27,325460270,1187.0,인천광역시,계양구,작전동,A40777114,주식회사 푸른종합주택관리,동보건설,1995
유승그린아파트,인천시 계양구 아나지로 197번길9,325537809,279.0,인천광역시,계양구,효성동,A40783102,에이비엠(주),유승종합건설,1996
작전 한신 아파트,인천광역시 계양구 효서로 284,325456314,259.0,인천광역시,계양구,작전동,A40782005,미래티엠에스(주),(주)한신공영,1991
계양센트레빌2단지,인천광역시 계양구 형제봉길 50,325425877,256.0,인천광역시,계양구,귤현동,A40772204,에이제이대원 주식회사,동부건설,2013
효성1차 현대 아파트,인천 계양구 효성1동 21-11,325477221,874.0,인천광역시,계양구,효성동,A40778310,에이비엠(주),현대산업개발(주),1991
효성4차현대아파트,인천계양구 효성동 새벌로112번길12,325522074,919.0,인천광역시,계양구,효성동,A40772110,에이비엠(주),현대산업개발,1995
효성동2차유승아파트,"인천광역시 계양구 새풀로 27 (효성동, 유승아파트)",325549443,350.0,인천광역시,계양구,효성동,A40783206,주식회사 푸른종합주택관리,(주)유승종합건설,2002
계양센트레빌1단지,인천광역시 계양구 형제봉길 100 (귤현동),032-546-0520,715.0,인천광역시,계양구,귤현동,A40772202,우리관리(주),동부건설,2013
효성 현대3차 아파트,인천광역시 계양구 새벌로 133번길 4,325484969,374.0,인천광역시,계양구,효성동,A40778306,에이비엠(주),현대산업개발,1992
계산은행마을삼보,인천 계양구 계산새로 108,032-551-7938,436.0,인천광역시,계양구,계산동,A40780910,에이비엠(주),주)삼보종합건설,1997
학마을 서해아파트,인천시 계양구 장제로 878,325537402,1261.0,인천광역시,계양구,병방동,A40770604,주식회사 대승케이비엠,(주)서해종합건설,1997
작전 삼보 아파트,인천 계양구 주부토로 472번길 36,325494392,454.0,인천광역시,계양구,작전동,A40781708,(주)쌍용개발,삼보종합건설,1994
효성 2차 현대아파트,인천시 계양구 길마로 83,325483414,340.0,인천광역시,계양구,효성동,A40778305,미래TMS(주),현대산업개발,1992
계산 한국 아파트,인천 계양구 주부토로 538 계산한국아파트,032-542-4442,416.0,인천광역시,계양구,계산동,A40780208,율산개발 유한회사,한국종합건설(주),1991
한진해모로아파트,인천광역시 계양구 동양로 100,325471350,478.0,인천광역시,계양구,동양동,A40772603,(주)쌍용개발,주택공사,2006
태화한진아파트,인천시 계양구 작전동 915-1,325531251,16740.0,인천광역시,계양구,작전동,A40706003,주식회사 푸른종합주택관리,태화건설(주),1997
작전 동보2차 아파트,인천광역시 계양구 장제로 663번길 13 (작전동),325554190,502.0,인천광역시,계양구,작전동,A40781810,주식회사 푸른종합주택관리,동보건설,2000
계산 인정프린스 아파트,인천광역시 계양구 계산3동 57-2,032-546-7309,299.0,인천광역시,계양구,계산동,A40780003,아산종합관리(주),인정건설(주),1992
계산극동아파트,인천광역시 계양구 하느재로 19번길 8,325430291,629.0,인천광역시,계양구,계산동,A40776202, ,극동건설,1985
계양박촌풍림아이원아파트,인천광역시 계양구 동양로11 계양박촌풍림아이원아파트,325520511,207.0,인천광역시,계양구,박촌동,A40733001,씨에스케이(주),풍림산업,2005
우남푸르미아,인천시 계양구 당미5길 7,325411247,158.0,인천광역시,계양구,동양동,A40772604,주식회사 푸른종합주택관리,(주)우남건설,2011
효성하나아파트,인천광역시 계양구 봉오대로 463번길 12,325531865,498.0,인천광역시,계양구,효성동,A40771810,에이비엠(주),한국공영,1996
계양한양수자인아파트,인천광역시 계양구 장제로 1004,032-543-1867,376.0,인천광역시,계양구,박촌동,A40772304,주식회사 대승케이비엠,(주)한양,2011
학마을영남아파트,인천 계양구 장제로 878 계산영남아파트 관리사무소,032-553-4765,1047.0,인천광역시,계양구,병방동,A40770703,대원에스테이트서비스(주),(주)영남건설,1997
효성 풍림 아파트,인천광역시 계양구 아나지로213번길 22,032-551-9430,342.0,인천광역시,계양구,효성동,A40704205,화신지엠에스,풍림산업,1997
새사미2차아파트,인천광역시 계양구 봉오대로 441,325480624,280.0,인천광역시,계양구,효성동,A10021803,미래티엠에스주식회사,우창건설,1985
작전 현대2-1차 아파트,인천광역시 계양구 효서로 381,325450100,840.0,인천광역시,계양구,작전동,A40706002,대원에스테이트서비스(주),성호주택(주),1991
작전 유호 아파트,인천 계양구 주부토로 363번길 4,325516936,299.0,인천광역시,계양구,작전동,A40706001,세화종합관리(주),유호건설,1995
태산 아파트,인천광역시 계양구 계산새로33번길 26,032-545-9712,408.0,인천광역시,계양구,계산동,A40780007, ,태산건설(주),1990
작전중앙하이츠아파트(부평하이츠A입주자대표회의),인천 계양구 효서로303번길 20,032-543-6808,186.0,인천광역시,계양구,작전동,A40781702,(주)화신지엠에스,중앙건설,1990
효성 중앙하이츠 아파트,인천광역시 계양구 안남로 572번길 17,325524416,375.0,인천광역시,계양구,효성동,A40782603,(주)화신지엠에스,중앙건설(주),1996
효성 5차 뉴서울,인천 계양구 아나지로 199 효성 뉴서울5차,032-546-4006,648.0,인천광역시,계양구,효성동,A40771809,에이비엠(주),뉴서울건설(주),1994
도두리동보아파트,인천시 계양구 작전서운동 912-3,325526768,1276.0,인천광역시,계양구,작전동,A40777203,율산개발 유한회사,동보건설,1996
효성 대림 아파트,인천 계양구 안남로 583 효성동,032-547-7540,298.0,인천광역시,계양구,효성동,A40782902,주식회사 대승케이비엠,대림산업,1999
방축 대창센시티아파트,인천광역시 계양구 장제로 933번길5,322011557,187.0,인천광역시,계양구,방축동,A40748001,에이비엠(주),대창기업,2006
"계산 삼보 1,2차 아파트",인천 계양구 주부토로 528,325411851,474.0,인천광역시,계양구,계산동,A40780211, ,삼보건설,1987
작전 한화 아파트,인천시 계양구 계산로 126번길 27,325412776,178.0,인천광역시,계양구,작전동,A40782302,(주)대한주택개발,한화건설(주),1998
효성 두산아파트,인천광역시 계양구 안남로573번길 18,325444620,957.0,인천광역시,계양구,효성동,A40704002,(주)대한주택개발,두산건설(주),1997
작전 무지개 아파트,인천 광역시 계양구 봉오대로 744번길4,325465946,240.0,인천광역시,계양구,작전동,A40781703,쌍용개발,서만건설(주),1989
계산 서해그린3차 아파트,인천 계양구 주부토로501번길 26,032-545-3437,498.0,인천광역시,계양구,계산동,A40780702,쌍용개발,(주)서해종합건설,1991
삼천리열망1차2차아파트,인천광역시 계양구 주부토로 507,325559781,460.0,인천광역시,계양구,계산동,A40776103, ,삼천리주택,1986
효성태산아파트,인천광역시 계양구 봉오대로 477번길 20,325538932,1178.0,인천광역시,계양구,효성동,A40771911,에이비엠(주),(주)태산,1997
우남푸르미아아파트,인천광역시 계양구 봉오대로 671,325473232,117.0,인천광역시,계양구,작전동,A10021643,(주)국제안전시스템,우남건설(주),2006
서운 경남아너스빌아파트,인천광역시 계양구 살라리로 21,032-555-4480,255.0,인천광역시,계양구,서운동,A40707001,에이비엠(주),경남,2007
계양1차하우스토리,인천광역시 계양구 서부간선로 290,032-543-0956,257.0,인천광역시,계양구,박촌동,A40772301,주식회사 대승케이비엠,남광토건(주),2009
구월 힐스테이트&롯데캐슬골드,인천시 남동구 구월로 192,324636821,5076.0,인천광역시,남동구,구월동,A40576101,(주)신원티엠씨(TMC),구월주공아파트재건축조합,2007
간석 래미안자이아파트,인천광역시 남동구 간석2동 939-1,324610033,2432.0,인천광역시,남동구,간석동,A40523202,대원에스테이트서비스(주),"삼성물산, GS건설",2008
간석풍림아이원아파트,인천 남동구 석산로 35,324220905,922.0,인천광역시,남동구,간석동,A40581005,대원에스테이트서비스(주),(주)풍림산업,2004
햇빛마을벽산아파트,인천시 남동구 호구포로 924,324722080,2073.0,인천광역시,남동구,만수동,A40574904,주식회사 에스티에스텍,벽산건설,2000
한화에코메트로11단지,인천 남동구 논고개로 17,032-422-1025,1622.0,인천광역시,남동구,논현동,A40579701,(주)쌍용개발,(주)한화건설,2009
논현주공13단지,인천시 남동구 포구로 98번길,322127100,785.0,인천광역시,남동구,논현동,A40530004,에이비엠주식회사,풍창건설(주),2006
구월롯데캐슬골드아파트,인천 남동구 호구포로 803,324640848,3384.0,인천광역시,남동구,구월동,A40582303,대원에스테이트서비스(주),롯데건설주식회사,2007
만수주공2단지아파트,인천광역시 남동구 백범로124번길 43,032-461-2051,1920.0,인천광역시,남동구,만수동,A40577105,주식회사 푸른종합주택관리,대한주택공사,1987
"서창퍼스트뷰(구,서창LH7단지)",인천광역시 남동구 서창남순환로 190-15,032-472-3451,1196.0,인천광역시,남동구,서창동,A40576903,(주)청원종합관리,"1공구:롯데건설, 2공구:대보건설",2012
구월신세계아파트,인천광역시 남동구 호구포로 858,324653488,700.0,인천광역시,남동구,구월동,A40582802,에이비엠(주),영동개발진흥(주),1980
논현소래마을풍림,인천시 남동구 청능대로 718번길 7 ,324410334,1517.0,인천광역시,남동구,논현동,A40577815,화신지엠에스,풍림산업,2000
간석신동아파밀리에명품아파트,인천광역시 남동구 간석동 염전로 440,328720714,715.0,인천광역시,남동구,간석동,A40581004,주식회사 푸른종합주택관리,신동아건설,2007
만수 주공4단지 아파트,인천광역시 남동구 백범로 124번길 126,324612052,2220.0,인천광역시,남동구,만수동,A40577106,서림주택관리(주),대한주택공사,1987
구월 팬더 아파트,인천광역시 남동구 구월1동 258,324630136,946.0,인천광역시,남동구,구월동,A40573202,(주)쌍용개발,천금주택,1991
에코메트로한화12단지,인천광역시 남동구 논고개로 10,324256471,1298.0,인천광역시,남동구,논현동,A40579702,에이비엠(주),한화건설,2009
서창베라체,,,938.0,인천광역시,남동구,서창동,A40576902,주식회사 푸른종합주택관리,한일건설,2012
에코메트로더타워,,,644.0,인천광역시,남동구,논현동,A40579712,우리관리(주),한화건설,2013
에코메트로7단지,,,848.0,인천광역시,남동구,논현동,A40579709,우리관리(주),(주)한화,2010
간석 우성1차 아파트,,,1050.0,인천광역시,남동구,간석동,A40575206,주식회사 푸른종합주택관리,(주)우성건설,1990
간석 금호어울림 아파트,,,1733.0,인천광역시,남동구,간석동,A40571701,(주)쌍용개발,간석주공맨션재건축정비사업조합,2005
논현냇마을신영지웰,,,985.0,인천광역시,남동구,논현동,A40530012,대원에스테이트서비스(주),SK건설,2007
논현한화에코메트로9단지,,,810.0,인천광역시,남동구,논현동,A40579708,에이제이대원 주식회사,(주)한화건설,2011
간석현대홈타운,,,649.0,인천광역시,남동구,간석동,A40570904,에이비엠(주),현대건설,2003
구월아시아드 선수촌5단지아파트,,,782.0,인천광역시,남동구,구월동,A10028027,에이비엠(주),신일건업,2015
만수 신동아 아파트,,,750.0,인천광역시,남동구,만수동,A40577402,(주)대한주택개발,신동아건설,1990
포레시안 아파트,,,3208.0,인천광역시,남동구,만수동,A40574201,(주)쌍용개발,LH공사,2011
만수 뉴서울 아파트,,,1234.0,인천광역시,남동구,만수동,A40575812,동우개발 주식회사,뉴서울건설,1992
간석엘에이치2단지,,,792.0,인천광역시,남동구,간석동,A40523001,에이비엠,대명건설,2014
간석금호,,,630.0,인천광역시,남동구,간석동,A40570603, ,금호건설,1987
서창 현대모닝사이드 아파트,,,630.0,인천광역시,남동구,서창동,A40526004,쌍용개발,(주)태평주택,2002
논현신일해피트리,,,828.0,인천광역시,남동구,논현동,A40530006,우리관리(주),신일건설,2007
논현단풍마을트리플에듀,,,898.0,인천광역시,남동구,논현동,A40530010,(주)케이비아주,"서희건설,신일",2006
논현꿈에그린,,,982.0,인천광역시,남동구,논현동,A40530011,(주)화신지엠에스,한화건설,2007
만수 효성 상아 아파트,,,720.0,인천광역시,남동구,만수동,A40575501, ,동성건설,1985
논현별빛마을웰카운티,,,888.0,인천광역시,남동구,논현동,A40530009,에이비엠(주),도시개발공사,2008
구월아시아드선수촌 센트럴자이,,,850.0,인천광역시,남동구,구월동,A10028026,신화비엠씨(주),GS건설,2015
구월힐스테이트3단지아파트,,,474.0,인천광역시,남동구,구월동,A40582301,(주)화신지엠에스,현대건설,2007
간석극동,,,760.0,인천광역시,남동구,간석동,A40570505,에이비엠(주),극동건설,1989
만수주공8단지아파트,,,1440.0,인천광역시,남동구,만수동,A40577003,미래TMS(주),대한주택공사,1989
도림주공그린빌2단지,,,642.0,인천광역시,남동구,도림동,A40578503,에이비엠(주),대한주택공사,2003
도림 아이파크아파트,,,349.0,인천광역시,남동구,도림동,A40528002,주식회사 대승케이비엠,현대산업개발,2008
서창 자이아파트,,,500.0,인천광역시,남동구,서창동,A40587002,에이비엠(주),GS건설(주),2008
논현주공2-1단지,,,880.0,인천광역시,남동구,논현동,A40585008,쌍용개발,대한주택공사,1998
간석두진아파트,,,354.0,인천광역시,남동구,간석동,A40571902,주식회사 대승케이비엠,(주) 두진건설,1994
논현휴먼시아동산마을,,,833.0,인천광역시,남동구,논현동,A40579607,에이비엠(주),한국주택공사,2006
논현한화에코메트로6단지,,,960.0,인천광역시,남동구,논현동,A40579705,서림주택관리(주),(주)한화,2010
구월아시아드선수촌8단지아파트,,,768.0,인천광역시,남동구,구월동,A10028024,에이비엠(주),일성건설,2015
서창센트라스아파트,,,566.0,인천광역시,남동구,서창동,A40576904,(주)화신지엠에스,(주)대명건설,2014
간석LH1단지,,,587.0,인천광역시,남동구,간석동,A40523002,우리관리주식회사,우미건설(주),2014
서창서해그랑블,,,523.0,인천광역시,남동구,서창동,A40526003,주식회사 푸른종합주택관리,(주)서해종합건설,2008
향촌휴먼시아2단지아파트,,,438.0,인천광역시,남동구,만수동,A40574202,신한영주택관리(주),이수건설,2012
구월아시아드선수촌 6단지,,,602.0,인천광역시,남동구,구월동,A10028031,주식회사 푸른종합주택관리,남양건설(주),2015
만수주공1단지,,,516.0,인천광역시,남동구,만수동,A40577102,만수주공1단지아파트,대한주택공사,1985
만수주공10단지아파트,,,420.0,인천광역시,남동구,만수동,A40577305,동우개발 주식회사,대한주택공사,1994
만수 현대 아파트,,,560.0,인천광역시,남동구,만수동,A40576807,에이비엠(주),고려산업개발(주),1992
논현힐스테이트,,,594.0,인천광역시,남동구,논현동,A40579704,현대하우징 주식회사,현대건설,2010
구월아시아드 선수촌2단지 아파트,,,636.0,인천광역시,남동구,구월동,A10028030,신화bmc(주),울트라건설,2015
도림벽산블루밍아파트,,,342.0,인천광역시,남동구,도림동,A40528001,세화종합관리(주),벽산건설,2008
논현한화에코메트로5단지,,,1052.0,인천광역시,남동구,논현동,A40579706,에이비엠(주),한화건설,2010
유호엔시티1단지아파트,,,383.0,인천광역시,남동구,논현동,A40579711,(주)쌍용개발,유호건설(주),2013
남촌3차풍림아파트,,,735.0,인천광역시,남동구,남촌동,A40510003,씨에스케이(주),풍림산업,1999
서창 임광그대가아파트,,,666.0,인천광역시,남동구,서창동,A40526006,에이비엠(주),임관토건,2007
만수 주공11단지 아파트,,,902.0,인천광역시,남동구,만수동,A40574403,신한영주택관리(주),대한주택공사,1997
만수 이삭1차 아파트,,,299.0,인천광역시,남동구,만수동,A40576502,미래TMS(주),이삭건설(주),2000
만수 한국 아파트,,,608.0,인천광역시,남동구,만수동,A40576708,(주)화신지엠에스,(주) 한국주택,1992
간석 현대 아파트,,,390.0,인천광역시,남동구,간석동,A40571602,씨에스케이(주),고려산업개발주식회사,1991
남촌풍림1차,,,421.0,인천광역시,남동구,남촌동,A40573502, ,풍림산업(주),1998
다정한마을간석서해,,,270.0,인천광역시,남동구,간석동,A40580901,(주)화신지엠에스,서해종합건설,2004
만수 금호타운 아파트,,,414.0,인천광역시,남동구,만수동,A40575704,에이제이대원 주식회사,금호건설,1992
만수 대동 아파트,,,560.0,인천광역시,남동구,만수동,A40576206,에이비엠(주),대동주택 종합관리,1992
간석한진,,,600.0,인천광역시,남동구,간석동,A40571402,주식회사 푸른종합주택관리,한일개발,1980
만수 남동 아파트,,,770.0,인천광역시,남동구,만수동,A40576409,미래티엠에스(주),강산건설,1992
논현파크포레,,,872.0,인천광역시,남동구,논현동,A40579703,(주)쌍용개발,서희건설,2009
대우재한신휴플러스,,,120.0,인천광역시,남동구,구월동,A10021852,씨에스케이(주),한신공영,2011
만수 삼환1차 아파트,,,660.0,인천광역시,남동구,만수동,A40574002,에이비엠,삼환기업,1989
만수 대성유니드아파트,,,364.0,인천광역시,남동구,만수동,A40586002,(주)청원종합관리,대성건설,2006
만수 신대동 아파트,,,432.0,인천광역시,남동구,만수동,A40574701, ,대동주택종합건설주식회사,1989
서창 태평1차 아파트,,,435.0,인천광역시,남동구,서창동,A40576901, ,영남건설,1995
논현센트럴뷰,,,820.0,인천광역시,남동구,논현동,A40579713,세화종합관리(주),삼환기업(주),2014
구월동아아파트,,,486.0,인천광역시,남동구,구월동,A40573101,에이비엠(주),(주)동아산업개발,1991
간석 이삭 아파트,,,180.0,인천광역시,남동구,간석동,A40523301,에이제이대원 주식회사,(주)이삭종합건설,1999
인천서창에코에비뉴아파트,,,855.0,인천광역시,남동구,서창동,A40576906,우리관리(주),울트라건설,2014
만수 광명14차 아파트,,,870.0,인천광역시,남동구,만수동,A40575610,에이비엠주식회사,주식회사 광명주택,1991
논현한화에코메트로10단지,,,556.0,인천광역시,남동구,논현동,A40579707,(주)쌍용개발,한화건설,2010
만수주공3단지 아파트,,,510.0,인천광역시,남동구,만수동,A40577101,씨에스케이(주),LH 공사,1986
논현동보,,,278.0,인천광역시,남동구,논현동,A40585001,대성티엠씨 주식회사,동보건설,1999
송현솔빛마을주공1차아파트,,,2711.0,인천광역시,동구,송현동,A40104007,우리관리(주),한신공영,2003
만석 비치타운주공 아파트,,,1273.0,인천광역시,동구,만석동,A40101001,(주)화신지엠에스,대한주택공사,2002
송림 풍림아이원아파트,,,1355.0,인천광역시,동구,송림동,A40107002,우리관리(주),풍림건설,2009
동산휴먼시아2단지,,,863.0,인천광역시,동구,송림동,A40107004,(주)쌍용개발,LH,2010
화수 영풍 아파트,,,359.0,인천광역시,동구,화수동,A40102001,(주)화신지엠에스,영풍산업주식회사,2001
송림휴먼시아1단지,,,1011.0,인천광역시,동구,송림동,A40172201,(주)아주관리,풍림건설,2009
송현 삼두1차아파트,,,264.0,인천광역시,동구,송현동,A40104001, ,삼두건설,1984
솔빛마을주공2차2단지,,,354.0,인천광역시,동구,송현동,A40104008,주식회사한빛관리,요진건설산업,2003
미륭,,,560.0,인천광역시,동구,화수동,A40180401, ,동부건설,1990
송현 삼두2차아파트,,,432.0,인천광역시,동구,송현동,A40170601, ,삼두실업,1987
인천화도진그린빌,,,365.0,인천광역시,동구,화수동,A40102002,(주)화신지엠에스,대한주택공사,2001
학익풍림아이원,,,2090.0,인천광역시,미추홀구,학익동,A40204110,국제경보산업(주),풍림산업,2007
학익동아풍림,,,1480.0,인천광역시,미추홀구,학익동,A40204109,우리관리주식회사,"동아건설산업(주),풍림산업(주)",1999
관교한신휴플러스,,,1509.0,인천광역시,미추홀구,주안동,A40270206,우리관리(주),한신공영(주),2010
용현대림아파트,,,598.0,인천광역시,미추홀구,용현동,A40276207, ,대림산업주식회사,1990
주안더월드스테이트단지,,,3160.0,인천광역시,미추홀구,주안동,A40220603,우리관리(주),"벽산,풍림",2008
용현엑슬루타워,,,630.0,인천광역시,미추홀구,용현동,A40279301,우리관리(주),풍림산업(주),2011
주안 현대홈타운 아파트,,,443.0,인천광역시,미추홀구,주안동,A40283602,서림주택관리(주),현대건설(주),2002
학익엑슬루타워,,,707.0,인천광역시,미추홀구,학익동,A40276901,(주)쌍용개발,풍림산업(주),2010
용현 대우 아파트,,,616.0,인천광역시,미추홀구,용현동,A40283304,주식회사 대승케이비엠,대우건설,2001
용현금호타운,,,1170.0,인천광역시,미추홀구,용현동,A40276109,주식회사 대승케이비엠,광주고속,1991
용현신창미션힐아파트,,,821.0,인천광역시,미추홀구,용현동,A40202001,(주)태룡에스디,주식회사 신창건설,2004
"학익 신동아 1,2차 아파트",,,938.0,인천광역시,미추홀구,학익동,A40277908,(주)쌍용개발,신동아건설,1988
신비마을 아파트,,,960.0,인천광역시,미추홀구,주안동,A40276005,서림주택관리(주),인천시 종합건설본부,1994
주안 쌍용 아파트,,,768.0,인천광역시,미추홀구,주안동,A40275904, ,쌍용종합건설,1984
도화신동아파밀리에,,,396.0,인천광역시,미추홀구,도화동,A40274901,미래티엠에스(주),신동아건설,2012
용현 한양2차 아파트,,,352.0,인천광역시,미추홀구,용현동,A40274103,서림주택관리주식회사,금아산업(주),1992
도화역대성유니드아파트,,,265.0,인천광역시,미추홀구,도화동,A40206001,주식회사 푸른종합주택관리,대성산업(주),2014
용현유원아파트,,,941.0,인천광역시,미추홀구,용현동,A40202205,에이비엠(주),유원건설(주),1989
용현 금호2차 아파트,,,1306.0,인천광역시,미추홀구,용현동,A40276110,쌍용개발,(주)금호건설,1999
학익신동아5차아파트,,,594.0,인천광역시,미추홀구,학익동,A40277905,에이제이대원 주식회사,신동아 건설,1993
용현성원상떼빌,,,550.0,인천광역시,미추홀구,용현동,A40202203,동우개발 주식회사,성원건설,2009
학익 신동아3차 아파트,,,894.0,인천광역시,미추홀구,학익동,A40277907,에이비엠(주),신동아건설(주),1990
용현 우성 아파트,,,408.0,인천광역시,미추홀구,용현동,A40273805,주식회사 푸른종합주택관리,우성건설,1996
학익 신동아7차 아파트,,,510.0,인천광역시,미추홀구,학익동,A40277903,주식회사 동우개발,(주)신동아패밀리,1994
숭의 한화꿈에그린아파트,,,405.0,인천광역시,미추홀구,숭의동,A40281301,(주)태룡에스디,한화,2007
학익현광2차,,,171.0,인천광역시,미추홀구,학익동,A40204101,(주)쌍용개발,현광건설,2002
도화 동원 아파트,,,375.0,인천광역시,미추홀구,도화동,A40272002,(주)케이티팝스,동원건설,1987
관교삼환2차,,,410.0,인천광역시,미추홀구,관교동,A40270704,(주)쌍용개발,삼환까뮤,1991
관교풍림,,,10.0,인천광역시,미추홀구,관교동,A40271701,(주)쌍용개발,풍림,1991
용현 한양1차 아파트,,,606.0,인천광역시,미추홀구,용현동,A40274208,동우개발 주식회사,(주)한양,1990
관교동부,,,420.0,인천광역시,미추홀구,관교동,A40270205,에스엠피티 주식회사,동부건설(주),1991
관교삼환1단지,,,352.0,인천광역시,미추홀구,관교동,A40270602,에이비엠(주),삼환기업,1992
관교성지아파트,,,420.0,인천광역시,미추홀구,관교동,A40270806,(주)화신지엠에스,성지건설(주),1991
영남들국화아파트,,,444.0,인천광역시,미추홀구,학익동,A40204107, ,영남주택,1989
주안 남광로얄 아파트,,,474.0,인천광역시,미추홀구,주안동,A40275503, ,"남광토건,로얄주택",1980
주안신동아4차아파트,,,630.0,인천광역시,미추홀구,학익동,A40277906,미래티엠에스(주),신동아건설,1990
학익현광1차,,,348.0,인천광역시,미추홀구,학익동,A40277705,쌍용개발,현광종합건설,2000
주안 현대 아파트,,,338.0,인천광역시,미추홀구,주안동,A40274301,(주)화신지엠에스,현대건설,1985
학익원흥,,,396.0,인천광역시,미추홀구,학익동,A40204106,(주)쌍용개발,원흥종합건설(주),1996
학익태산,,,252.0,인천광역시,미추홀구,학익동,A40277602,미래TMS(주),(주)태산,1998
학익장미1차,,,580.0,인천광역시,미추홀구,학익동,A40277408,(주)태룡에스디,신환종합건설(주),1984
학익두산위브,,,432.0,인천광역시,미추홀구,학익동,A40204001,대원에스테이트서비스(주),두산건설주식회사,2011
용현금호어울림3단지,,,180.0,인천광역시,미추홀구,용현동,A40279101,미래TMS(주),금호산업,2010
관교 쌍용 아파트,,,464.0,인천광역시,미추홀구,관교동,A40271507,에이비엠,쌍용건설,1991
주안 현광 아파트,,,273.0,인천광역시,미추홀구,주안동,A40283601, ,(주)현광종합건설,1995
부평금호타운,,,2539.0,인천광역시,부평구,청천동,A40376510,(주)무림하우징,금호건설,1998
청천푸르지오아파트,,,2257.0,인천광역시,부평구,청천동,A40376609,(주)화신지엠에스,(주)대우건설,1998
부평 동아1단지 아파트,,,2475.0,인천광역시,부평구,부평동,A40376107,(주)대한주택개발,동아건설,1986
부평 대림 아파트,,,1470.0,인천광역시,부평구,부평동,A40376305,씨에스케이(주),대림건설,1989
삼산타운1단지아파트,,,1873.0,인천광역시,부평구,삼산동,A40309015,에이비엠(주),"송촌, 남양, 신일건설",2005
부평현대1단지,,,2204.0,인천광역시,부평구,산곡동,A40377504,미래TMS(주),현대산업개발(주),1985
부평2주구 현대아파트,,,1496.0,인천광역시,부평구,산곡동,A40377603,미래티엠에스,현대산업개발(주),1987
행복한마을삼산서해그랑블,,,822.0,인천광역시,부평구,삼산동,A40309009,대원종합관리(주),(주)서해종합건설,2004
부평3주구 현대아파트,,,1200.0,인천광역시,부평구,산곡동,A40377702,율산개발주식회사,현대건설(주),1989
삼산타운2단지주공,,,1622.0,인천광역시,부평구,삼산동,A40309014,(주)쌍용개발,두산건설,2005
금호이수마운트밸리,,,1365.0,인천광역시,부평구,산곡동,A40302003,에이비엠(주),"금호,이수건설",2007
삼산주공미래타운4단지,,,968.0,인천광역시,부평구,삼산동,A40309011,서림주택관리(주),KT,2000
래미안부평아파트,,,1145.0,인천광역시,부평구,부평동,A10027238,에이비엠(주),삼성물산,2014
부개역푸르지오,,,1054.0,인천광역시,부평구,부개동,A40372301,우리관리(주),(주)대우건설,2010
부개주공3단지아파트,,,1724.0,인천광역시,부평구,부개동,A40373010,에이제이대원 주식회사,"(주)한양,서광(주), 삼양건설(주)",1996
부평 욱일 아파트,,,780.0,인천광역시,부평구,부평동,A40373904,에이비엠(주),욱일주택,1990
갈산 주공1단지 아파트,,,1650.0,인천광역시,부평구,갈산동,A40375111,주식회사 푸른종합주택관리,대한주택공사,1992
부개 주공6단지 아파트,,,1240.0,인천광역시,부평구,부개동,A40373209,(주)쌍용개발,LH공사,1997
우성1.2.3차아파트,,,1980.0,인천광역시,부평구,산곡동,A40378406,(주)무림하우징,(주)우성건설,1989
부개 푸른마을삼부한신 아파트,,,1020.0,인천광역시,부평구,부개동,A40372706,에이비엠(주),"삼부토건(주),한신공영(주)",1999
부평 경남1차 아파트,,,810.0,인천광역시,부평구,산곡동,A40378104,에이비엠(주),경남기업,1990
동암 신동아 아파트,,,1690.0,인천광역시,부평구,십정동,A40375901,(주)쌍용개발,"신동아건설(주), (주)창보종합건설, 백영건설(주)",2000
갈산이안아파트,,,414.0,인천광역시,부평구,갈산동,A40380103,(주)푸른안전산업,대우자동차판매(주)건설부문,2001
산곡 한신휴 아파트,,,703.0,인천광역시,부평구,산곡동,A40383708,미래티엠에스,한신공영(주),2003
부개 주공5단지 아파트,,,960.0,인천광역시,부평구,부개동,A40373105,에이비엠(주),풍창. 삼협. 기산,1998
산곡 한화1차 아파트,,,744.0,인천광역시,부평구,산곡동,A40377310,주식회사 푸른종합주택관리,(주)한화건설,1997
십정주공뜨란채,,,920.0,인천광역시,부평구,십정동,A40313104,우리관리(주),대한토지주택공사,2005
부개 주공1단지 아파트,,,1044.0,인천광역시,부평구,부개동,A40375607,주식회사 푸른종합주택관리,"화신종합건설,한진건설,풍창건설,경우전기,한진건설,세원종합조경",1996
산곡 우성4차 아파트,,,494.0,인천광역시,부평구,산곡동,A40374901,에이비엠(주),우성,1991
갈산대동1차아파트,,,420.0,인천광역시,부평구,갈산동,A40370607,(주)쌍용개발,대동건설주식회사,1992
한신(137-8),,,542.0,인천광역시,부평구,산곡동,A40383501,율산개발 유한회사,한신공영,1985
부평경남3차 아파트,,,916.0,인천광역시,부평구,산곡동,A40377111,미래TMS(주),경남기업(주),1992
서해그랑블,,,454.0,인천광역시,부평구,삼산동,A40309018,우리관리(주),서해건설,2011
청천광명,,,418.0,인천광역시,부평구,청천동,A40385807,동우개발 주식회사,(주)광명주택,1995
브라운스톤백운,,,261.0,인천광역시,부평구,십정동,A40313003,미래TMS(주),이수건설(주),2014
삼산미래타운3단지,,,946.0,인천광역시,부평구,삼산동,A40309010,율산개발 유한회사,(주)한양,2000
산곡푸르지오,,,717.0,인천광역시,부평구,산곡동,A40302004,(주)쌍용개발,대우건설,2011
산곡 경남4차 아파트,,,776.0,인천광역시,부평구,산곡동,A40378303,(주)쌍용개발,경남건설,1994
갈산 동아 아파트,,,280.0,인천광역시,부평구,갈산동,A40370702,씨에스케이(주),동아주택,1993
삼산주공미래타운2단지 아파트,,,684.0,인천광역시,부평구,삼산동,A40309007,(주)미래티엠에스,동성종합건설 외,2000
삼산삼보아파트,,,630.0,인천광역시,부평구,삼산동,A40309016, ,삼보주택개발(주),1990
부평두산위브아파트,,,280.0,인천광역시,부평구,부평동,A40301001,에이비엠(주),두산건설,2005
부개 뉴서울 아파트,,,1140.0,인천광역시,부평구,부개동,A40372608,동우개발 주식회사,뉴서울 주택건설,1989
산곡7차 한양아파트,,,320.0,인천광역시,부평구,산곡동,A40383604,미래TMS(주),(주)한양,1992
일신풍림아파트,,,750.0,인천광역시,부평구,일신동,A40376001,(주)화신지엠에스,풍림산업(주),1995
부평 동아아파트2단지,,,2128.0,인천광역시,부평구,부평동,A40376206,대원에스테이트서비스(주),동아건설산업,1995
산곡 한양2단지 아파트,,,720.0,인천광역시,부평구,산곡동,A40374809, ,(주)한양건설,1984
청천 무지개,,,220.0,인천광역시,부평구,청천동,A40385803,미래TMS(주),서만건설,1993
부평삼산엠코타운,,,708.0,인천광역시,부평구,삼산동,A40309101,우리관리(주),(주)엠코,2007
삼산임광그대가,,,393.0,인천광역시,부평구,삼산동,A40309002,에이비엠(주),임광토건,2008
부평1동 대우 아파트,,,308.0,인천광역시,부평구,부평동,A40373403,(주)쌍용개발,대우건설,1998
산곡 한화2차 아파트,,,1280.0,인천광역시,부평구,산곡동,A40377312,(주)쌍용개발,(주)한화건설,1999
갈산1동 태화 아파트,,,410.0,인천광역시,부평구,갈산동,A40370302,(주)쌍용개발,태화건설,1994
삼산타운7단지,,,1314.0,인천광역시,부평구,삼산동,A40309013,에이비엠(주),대한주택공사,2004
부개지구보람아파트,,,576.0,인천광역시,부평구,부개동,A40372803,세화종합관리(주),"신명주택건설, 상우종합건설",1998
삼산주공미래타운5단지,,,620.0,인천광역시,부평구,삼산동,A40309006,에이비엠(주),(주)한양,2000
부평 프리상뜨아파트,,,335.0,인천광역시,부평구,산곡동,A40302002,(주)쌍용개발,위드종합건설(주),2004
청천 우림필유,,,209.0,인천광역시,부평구,청천동,A40385702, ,우림산업개발,2005
갈산 하나 아파트,,,526.0,인천광역시,부평구,갈산동,A40378608,씨에스케이(주),한국공영,1992
부평금호어울림,,,290.0,인천광역시,부평구,십정동,A40313001,에이비엠(주),금호건설(주),2008
부개 욱일 아파트,,,468.0,인천광역시,부평구,부개동,A40381302, ,욱일주택,1988
청천쌍용,,,510.0,인천광역시,부평구,청천동,A40385808,주식회사 대승케이비엠,쌍용건설,1990
광명12차,,,456.0,인천광역시,부평구,삼산동,A40309004, ,광명주택,1990
갈산 아주 아파트,,,340.0,인천광역시,부평구,갈산동,A40378805,(주)화신지엠에스,아주건설,1992
삼산벽산블루밍,,,412.0,인천광역시,부평구,삼산동,A40309003,주식회사 푸른종합주택관리,(주)벽산,2005
부개대동아파트,,,708.0,인천광역시,부평구,부개동,A40381304,세화종합관리(주),대동건설,1988
갈산 팬더 아파트,,,280.0,인천광역시,부평구,갈산동,A40371003,주식회사 푸른종합주택관리,(주)중부종합건설,1993
부개 성일 아파트,,,415.0,인천광역시,부평구,부개동,A40372401, ,성일건설,1990
갈산2동 태화아파트,,,390.0,인천광역시,부평구,갈산동,A40370906,(주)화신지엠에스,태화건설(주),1992
삼산신성미소지움,,,1030.0,인천광역시,부평구,삼산동,A40309012,미래TMS(주),신성건설,2005
부평1동 한국 아파트,,,180.0,인천광역시,부평구,부평동,A40381801,(주)신화비엠씨,청방건설(주),1998
일신 주공 아파트,,,967.0,인천광역시,부평구,일신동,A40376402,우리관리(주),"두진,동신",1995
산곡1차현대,,,384.0,인천광역시,부평구,산곡동,A40383304,미래TMS(주),현대,1999
부평 신성미소지움아파트,,,298.0,인천광역시,부평구,부평동,A40383101,(주)화신지엠에스,신성건설(주),2005
부개동도센트리움,,,217.0,인천광역시,부평구,부개동,A40379801,(주)경진관리,동도건설,2014
갈산두산,,,574.0,인천광역시,부평구,갈산동,A40378909,에이제이대원 주식회사,(주)동산토건,1992
갈산1동 한국 아파트,,,520.0,인천광역시,부평구,갈산동,A40370404,동우개발 주식회사,한국종합건설(주),1993
갈산 대동2차 아파트,,,623.0,인천광역시,부평구,갈산동,A40370610,서림주택관리(주),대동건설(주),1993
청천인향,,,266.0,인천광역시,부평구,청천동,A40303101,(주)화신지엠에스,인향건설,1994
부평창보아파트,,,202.0,인천광역시,부평구,부평동,A40381802,주식회사 푸른종합주택관리,창보종합건설(주),1999
부평삼익,,,375.0,인천광역시,부평구,청천동,A40385805,주식회사 푸른종합주택관리,삼익주택,1986
미도7,,,384.0,인천광역시,부평구,청천동,A40385806,미래TMS(주),(주)가나안 진흥 건설,1989
대동(494-1),,,686.0,인천광역시,부평구,부개동,A40381402,에이비엠(주),(주)대동건설,1991
부평 자이아파트,,,719.0,인천광역시,부평구,구산동,A40312001,쌍용개발,GS자이,2006
산곡 무지개 아파트,,,330.0,인천광역시,부평구,산곡동,A40383705,서림주택관리(주),(주)서만건설,1991
부개 주공7단지 아파트,,,957.0,인천광역시,부평구,부개동,A40372503,에이비엠주식회사,대한주택공사,1998
동원6차,,,348.0,인천광역시,부평구,산곡동,A40383303, ,동원건설주식회사,1989
갈산 한국 아파트,,,280.0,인천광역시,부평구,갈산동,A40376904,화신지엠에스(주),한국주택건설,1993
청천영진아파트,,,196.0,인천광역시,부평구,청천동,A40385301,미래TMS(주),(주) 영진주택,1995
부평 한국 아파트,,,580.0,인천광역시,부평구,부개동,A40372102, ,한국종합건설(주),1992
청천미가로,,,170.0,인천광역시,부평구,청천동,A40303001,주식회사 푸른종합주택관리,(주)지구종합건설,2006
산곡 우성5차 아파트,,,299.0,인천광역시,부평구,산곡동,A40383702,우리관리(주),우성건설(주),1996
검암서해그랑블,,,950.0,인천광역시,서구,검암동,A40484710,(주)쌍용개발,서해종합건설,2003
루원e편한세상하늘채,,,3331.0,인천광역시,서구,신현동,A40478504,(주)케이비아주,"대림, 코오롱",2010
검단대림e-편한세상,,,1003.0,인천광역시,서구,왕길동,A40429005,율산개발 유한회사,대림산업(주),2007
당하 탑스빌 아파트,,,1368.0,인천광역시,서구,당하동,A40477109,대원에스테이트서비스(주),"영남,신대진,성웅",1998
가정 한국 아파트,,,620.0,인천광역시,서구,가정동,A40470401,(주)쌍용개발,한국종합건설(주),1992
청라웰카운티1차아파트,,,692.0,인천광역시,서구,청라동,A40470302,신화비엠씨(주),현대건설,2010
청라제일풍경채,,,1071.0,인천광역시,서구,청라동,A40471916,우리관리(주),제일건설(주),2012
석남 금호어울림,,,769.0,인천광역시,서구,석남동,A40482703,우리관리(주),금호건설(주),2007
청라푸르지오,,,751.0,인천광역시,서구,청라동,A40471924,(주)쌍용개발,대우건설(주),2013
청라한양수자인아파트,,,566.0,인천광역시,서구,청라동,A40471910,(주)쌍용개발,(주)한양,2011
청라자이아파트,,,884.0,인천광역시,서구,청라동,A40470301,우리관리(주),GS건설(주),2010
원당신안실크벨리아파트,,,936.0,인천광역시,서구,당하동,A40431007,율산개발(주),신안건설(주),2004
드림파크어울림1단지,,,731.0,인천광역시,서구,왕길동,A40473610,(주)쌍용개발,금호건설,2010
마전영남탑스빌,,,1042.0,인천광역시,서구,마전동,A40473018,(주)쌍용개발,영남건설,2000
검암2차풍림아이원,,,718.0,인천광역시,서구,검암동,A40484709,주식회사 대승케이비엠,풍림산업(주),2004
청라29블럭 호반베르디움,,,2134.0,인천광역시,서구,청라동,A40471920,주식회사 푸른종합주택관리,호반건설(주),2012
루원시티 어울림,,,1243.0,인천광역시,서구,가정동,A10027936,미래TMS(주),금호건설 등,2015
가좌 한신휴플러스아파트,,,2276.0,인천광역시,서구,가좌동,A40480710,(주)쌍용개발,한신공영(주),2007
가이아샹베르2차아파트,,,560.0,인천광역시,서구,경서동,A40471902,대원에스테이트서비스(주),"가이아 건설(주),세계건설(주)",2005
서인천 월드메르디앙아파트,,,778.0,인천광역시,서구,석남동,A40482402,에이비엠(주),재건축조합,2006
청라롯데캐슬,,,828.0,인천광역시,서구,청라동,A40471921,우리관리(주),롯데건설,2013
청라중흥S클래스1단지,,,476.0,인천광역시,서구,청라동,A40470305,(주)신성티엠,(합)중흥주택,2010
청라린스트라우스,,,590.0,인천광역시,서구,청라동,A40470313,율산개발(주),(주)우미건설,2013
연희극동늘푸른 아파트,,,998.0,인천광역시,서구,심곡동,A40479104,주식회사 대승케이비엠,극동건설,1997
검단힐스테이트4단지,,,588.0,인천광역시,서구,당하동,A40472601,에이제이대원 주식회사,현대건설,2012
마전대주파크빌,,,346.0,인천광역시,서구,마전동,A40426007,(주)쌍용개발,(주)대주건설,2005
왕길 유승 아파트,,,608.0,인천광역시,서구,왕길동,A40429004,에이비엠(주),유승건설,2000
당하1차 풍림아이원 아파트,,,442.0,인천광역시,서구,당하동,A40431004,(주)화신지엠에스,풍림산업(주),2004
원당풍림아이원아파트,,,1739.0,인천광역시,서구,당하동,A40431010,(주)화신지엠에스,풍림산업,2004
검단아이파크,,,573.0,인천광역시,서구,마전동,A40426015,우리관리(주),현대산업개발,2007
경서우정에쉐르,,,292.0,인천광역시,서구,경서동,A40417001,(주)화신지엠에스,우정건설주식회사,2006
청라엑슬루타워,,,616.0,인천광역시,서구,청라동,A40470311,(주)쌍용개발,주식회사풍림산업,2011
청라반도유보라2,,,754.0,인천광역시,서구,청라동,A40471918,에이비엠(주),반도건설,2012
불로삼보해피하임2단지아파트,,,482.0,인천광역시,서구,불로동,A40427004,미래TMS(주),(주)삼보건영,2007
불로월드,,,1699.0,인천광역시,서구,불로동,A40477510,주식회사 푸른종합주택관리,월드건설,1998
당하 대주파크빌아파트,,,276.0,인천광역시,서구,당하동,A40431001,에이비엠(주),대주건설,2006
청라호반베르디움2차아파트,,,1051.0,인천광역시,서구,청라동,A40470308,(주)쌍용개발,호반건설,2011
불로 삼보해피하임1단지아파트,,,384.0,인천광역시,서구,불로동,A40427002,주식회사 푸른종합주택관리,(주)삼보건영,2007
연희삼성아파트,,,421.0,인천광역시,서구,심곡동,A40483502,(주)무림하우징,삼성물산,1997
원당 e-편한세상 아파트,,,449.0,인천광역시,서구,원당동,A40432001,우리관리주식회사,대림산업,2004
청라14단지호반베르디움,,,745.0,인천광역시,서구,청라동,A40470306,(주)쌍용개발,(주)호반건설,2011
검단힐스테이트3차,,,651.0,인천광역시,서구,오류동,A10022450,(주)신화시스템즈,현대건설,2010
검단자이1단지,,,418.0,인천광역시,서구,오류동,A40473608,(주)케이비아주,GS건설(주),2010
검단힐스테이트,,,465.0,인천광역시,서구,마전동,A40426013,에이비엠(주),현대건설,2007
마전하나,,,477.0,인천광역시,서구,마전동,A40473314,미래티엠에스,(주)한국공영,2001
마전대원레스피아1차,,,423.0,인천광역시,서구,마전동,A40426010,씨에스케이(주),대원산업개발(주),2004
청라동양엔파트,,,564.0,인천광역시,서구,청라동,A40471919,(주)화신지엠에스,(주)동양,2012
LG원당자이,,,938.0,인천광역시,서구,원당동,A40432003,(주)한빛관리,(주)정광종합건설,2004
원당 동문아파트,,,434.0,인천광역시,서구,당하동,A40431003,에이제이대원 주식회사,동문건설,2004
가정 뉴서울 아파트,,,555.0,인천광역시,서구,가정동,A40471206,동우개발 주식회사,뉴서울건설,1990
청라한라비발디,,,24.0,인천광역시,서구,청라동,A40471908,주식회사 대승케이비엠,한라건설(주),2011
가좌 진주3단지 아파트,,,798.0,인천광역시,서구,가좌동,A40476209, ,라이프 주택개발(주),1989
검단1차피오레,,,917.0,인천광역시,서구,마전동,A40426017,(주)쌍용개발,대주건설,2007
청라서해그랑블,,,336.0,인천광역시,서구,청라동,A40470307,율산개발(주),(주)서해종합건설,2010
검암신명2차,,,325.0,인천광역시,서구,검암동,A40484707,(주)쌍용개발,신명종합건설,2003
검암1차신명스카이뷰,,,268.0,인천광역시,서구,검암동,A40470703,(주)화신지엠에스,신명종합건설(주),2003
당하3차풍림아이원,,,579.0,인천광역시,서구,마전동,A40426016,주식회사 대승케이비엠,풍림산업,2004
당하 푸르지오아파트,,,719.0,인천광역시,서구,당하동,A40473206,(주)쌍용개발,(주)대우건설,2005
청라더샵레이크파크,,,766.0,인천광역시,서구,청라동,A40471923,우리관리(주),포스코건설,2013
태평샹베르1차아파트,,,572.0,인천광역시,서구,경서동,A40470903,(주)태룡에스디,(주)태평주택,2005
한화꿈에그린,,,1172.0,인천광역시,서구,청라동,A40471914,(주)화신지엠에스,한화건설,2012
왕길 동남디아망아파트,,,308.0,인천광역시,서구,왕길동,A40429001,씨에스케이(주),동남주택(주),2006
청라LH,,,1767.0,인천광역시,서구,청라동,A40471906,(주)율산개발,tec건설,2011
검단금호어울림,,,236.0,인천광역시,서구,마전동,A40482003,서림주택관리(주),금호건설,2004
연희 대동주택 아파트,,,1048.0,인천광역시,서구,심곡동,A40479205,쌍용개발,대동주택,1995
청라중흥S클래스2단지,,,174.0,인천광역시,서구,청라동,A40470303,(주)화신지엠에스,중흥건설(주),2010
불로e편한세상,,,545.0,인천광역시,서구,불로동,A40427006,주식회사 대승케이비엠,(주)대림건설,2005
가정 한신그랜드힐빌리지,,,920.0,인천광역시,서구,가정동,A40423302,에스엠피티 주식회사,한신공영,1992
석남 경남아너스빌,,,471.0,인천광역시,서구,석남동,A40482902,씨에스케이,경남건설,2006
청라26동양엔파트,,,256.0,인천광역시,서구,청라동,A40471904,대원에스테이트서비스(주),동양메이저건설,2011
당하 KCC스위첸 아파트,,,1015.0,인천광역시,서구,당하동,A40472208,우리관리(주),kcc건설,2005
검단현대힐스테이트2차,,,309.0,인천광역시,서구,마전동,A40473124,에이비엠(주),현대건설,2010
인천검단힐스테이트6차,,,454.0,인천광역시,서구,당하동,A40472603,(주)미래에이비엠,현대건설(주),2013
검단우림필유,,,429.0,인천광역시,서구,마전동,A40426011,(주)쌍용개발,(주)우림건설,2007
마전 금호어울림,,,163.0,인천광역시,서구,마전동,A40426001,대아산업(주),금호산업(주),2007
은빛마을풍림1차,,,280.0,인천광역시,서구,검암동,A40479811,(주)동우개발,풍림건설,2003
당하2차풍림아이원,,,400.0,인천광역시,서구,마전동,A40473108,(주)쌍용개발,풍림산업(주),2004
검암풍림3차,,,341.0,인천광역시,서구,검암동,A40484708,에이비엠(주),풍림산업(주),2004
마전풍림아이원3차,,,309.0,인천광역시,서구,마전동,A40473120,에이비엠(주),풍림산업개발,2005
청라웰카운티 2차아파트,,,464.0,인천광역시,서구,청라동,A40470312,율산개발 유한회사,신동아건설,2012
검암신명4차,,,311.0,인천광역시,서구,검암동,A40484706,에이비엠(주),신명종합건설,2004
원당2차금호어울림아파트,,,269.0,인천광역시,서구,원당동,A40473701,주식회사 대승케이비엠,금호건설,2005
마전4차풍림아이원,,,216.0,인천광역시,서구,마전동,A40482002,태림주택종합관리(주),풍림산업(주),2007
청라호반베르디움20블럭,,,620.0,인천광역시,서구,청라동,A40470310,우리관리(주),호반건설,2011
심곡 한국 아파트,,,392.0,인천광역시,서구,심곡동,A40483401,미래티엠에스,한국종합건설,1995
신명스카이뷰드림,,,390.0,인천광역시,서구,왕길동,A40429003, ,신명종합건설,2004
가좌 풍림 아파트,,,358.0,인천광역시,서구,가좌동,A40481303,에이비엠(주),(주)창보종합건설,1996
연희광명17차아파트,,,604.0,인천광역시,서구,심곡동,A40483503,대한종합개발(주),광명주택,1997
검단힐스테이트5차,,,412.0,인천광역시,서구,당하동,A40472602,에이비엠(주),(주)현대건설,2013
청라힐데스하임,,,1284.0,인천광역시,서구,청라동,A40470309,주식회사 푸른종합주택관리,원건설(주),2011
청라힐스테이트커낼뷰,,,244.0,인천광역시,서구,청라동,A40471913,(주)화신지엠에스,(주)현대건설,2012
검단2차아이파크,,,409.0,인천광역시,서구,마전동,A40473123,우리관리(주),현대산업개발,2010
검암1차삼보해피하임,,,252.0,인천광역시,서구,검암동,A40484702,미래TMS(주),삼보공영개발(주),2003
석남태화아파트,,,299.0,인천광역시,서구,석남동,A40482302,씨에스케이(주),태화건설(주),1990
검암2차삼보해피하임,,,288.0,인천광역시,서구,검암동,A40484705,미래TMS(주),삼보공영개발(주),2003
마전동아,,,1351.0,인천광역시,서구,마전동,A40472719,(주)쌍용개발,동아건설(주),1999
검단1차풍림아파트,,,318.0,인천광역시,서구,왕길동,A40473606,쌍용개발(주),프리마건설,2004
퀸스타운길훈아파트,,,628.0,인천광역시,서구,불로동,A40427008,세화종합관리(주),주식회사 길훈종합건설,1999
미래지향아파트,,,128.0,인천광역시,서구,마전동,A10023072,에이비엠(주),이지종합건설 주식회사,2008
신현효성아파트,,,452.0,인천광역시,서구,신현동,A40483002,자치관리,효성중공업(주),1991
금호어울림1차(원당지구 108BL 3L),,,341.0,인천광역시,서구,당하동,A40431002,주식회사 대승케이비엠,금호산업(주),2004
가좌 유영그랑빌아파트,,,200.0,인천광역시,서구,가좌동,A40481601,(주)쌍용개발,유영건설,2004
검단서해아파트,,,464.0,인천광역시,서구,마전동,A40426012,(주)대아산업,서해건설,1992
연희태영데시앙,,,390.0,인천광역시,서구,연희동,A40483605,(주)무림하우징,태영,1996
석남 신광2차 아파트,,,191.0,인천광역시,서구,석남동,A40422001,미래TMS(주),신광산업종합개발,1997
가좌 현대3차 아파트,,,263.0,인천광역시,서구,가좌동,A40480901,화신지엠에스,현대건설,1998
당하동태평,,,528.0,인천광역시,서구,당하동,A40471005,신한영주택관리(주),태평건설,1999
드림파크어울림2단지,,,203.0,인천광역시,서구,왕길동,A40473611,서림주택관리(주),금호건설,2010
청라 디 이스트,,,734.0,인천광역시,서구,청라동,A40471917,신한영관리(주),동문건설(주),2012
검암마젤란21,,,176.0,인천광역시,서구,검암동,A40484701,에이비엠(주),(주)유진기업,2006
석남 우림필유,,,288.0,인천광역시,서구,석남동,A40482901,율산개발(주),우림건설(주),2006
검단자이2단지,,,413.0,인천광역시,서구,왕길동,A40473609,(주)쌍용개발,GS건설(주),2010
청라한일베라체,,,257.0,인천광역시,서구,청라동,A40471905,우리관리(주),한일건설(주),2011
금곡 하나 아파트,,,299.0,인천광역시,서구,금곡동,A40433001,에이비엠(주),한국공영(주),1999
검단2차풍림아이원,,,174.0,인천광역시,서구,마전동,A40473121,서림주택관리(주),풍림산업,2005
공촌 경남 아파트,,,232.0,인천광역시,서구,공촌동,A40420001,신대한관리,경남기업,1998
금곡 동남 아파트,,,370.0,인천광역시,서구,금곡동,A40433002,미래TMS(주),동남기업,1999
가좌 범양파크 아파트,,,510.0,인천광역시,서구,가좌동,A40480705, ,범양건설(주),1990
연희한국1차,,,356.0,인천광역시,서구,연희동,A40483604,대한종합개발(주),한국종합건설(주),1994
석남 대명 아파트,,,184.0,인천광역시,서구,석남동,A40482201,동우개발 주식회사,(주)대명건설,1998
검암해들마을신명3차,,,282.0,인천광역시,서구,검암동,A40484704,에이비엠(주),신명종합건설,2004
청라메이루즈 커낼파크뷰,,,263.0,인천광역시,서구,청라동,A40470304,(주)태룡에스디,광명건설,2011
석남 신동아 아파트,,,190.0,인천광역시,서구,석남동,A40482301,신화비엠씨(주),태창주택,1996
송도글로벌캠퍼스푸르지오,,,1703.0,인천광역시,연수구,송도동,A40673921,주식회사 에스티에스텍,주)대우건설,2013
옥련럭키송도,,,1304.0,인천광역시,연수구,옥련동,A40677113,신화비엠씨(주),LG,1993
송도더샵그린스퀘어,,,1516.0,인천광역시,연수구,송도동,A40673922,우리관리주식회사,포스코건설(주),2014
연수2차우성아파트,,,2044.0,인천광역시,연수구,연수동,A40676307,주식회사 한빛종합관리,우성건설,1994
송도더샵엑스포아파트,,,1337.0,인천광역시,연수구,송도동,A40673901,우리관리(주),포스코 건설,2009
연수 대우삼환 아파트,,,1776.0,인천광역시,연수구,동춘동,A40613207,광인산업(주),대우삼환,1994
연수승기마을,,,1000.0,인천광역시,연수구,연수동,A40681703,일신주택관리(주),코오롱건설,1992
송도더샵퍼스트월드,,,1596.0,인천광역시,연수구,송도동,A40684013,(주)쌍용개발,포스코,2009
송도캐슬&해모로,,,1439.0,인천광역시,연수구,송도동,A40673920,(주)쌍용개발,"롯데건설,한진중공업",2013
아이파크송도,,,616.0,인천광역시,연수구,송도동,A40684005,에이비엠(주),현대산업개발(주),2005
송도푸르지오하버뷰,,,593.0,인천광역시,연수구,송도동,A40673906,우리관리(주),대우,2011
송도 금호어울림 아파트,,,510.0,인천광역시,연수구,송도동,A40684004,(주)쌍용개발,금호산업(주),2005
송도아트윈푸르지오아파트,,,999.0,인천광역시,연수구,송도동,A10027898,우리관리(주),대우건설(주),2015
송도 풍림아이원1단지아파트,,,1024.0,인천광역시,연수구,송도동,A40673412,쌍용개발,풍림산업,2005
연수한양1차아파트,,,1020.0,인천광역시,연수구,동춘동,A40613002,주식회사 대승케이비엠,한양(주),1994
옥련현대4차,,,1011.0,인천광역시,연수구,옥련동,A40678902,에이비엠(주),현대산업개발(주),1997
송도 풍림6단지,,,344.0,인천광역시,연수구,송도동,A40673101, ,풍림산업 주식회사,2005
송도 성지리벨루스아파트,,,626.0,인천광역시,연수구,송도동,A40684007,국제경보산업(주),성지건설(주),2006
연수삼성럭키,,,1080.0,인천광역시,연수구,동춘동,A40613003,서림주택관리(주),"삼성,럭키건설",1993
송도웰카운티2단지 아파트,,,798.0,인천광역시,연수구,송도동,A40684009,율산개발 유한회사,대우건설(주),2007
연수영남,,,622.0,인천광역시,연수구,연수동,A40611304,에이제이대원 주식회사,영남건설,1992
송도해모로월드뷰,,,638.0,인천광역시,연수구,송도동,A40673916,우리관리(주),(주)한진중공업,2012
송도 웰카운티1단지아파트,,,980.0,인천광역시,연수구,송도동,A40684011,대성티엠씨 주식회사,인천도시공사,2008
동춘풍림2차아파트,,,1200.0,인천광역시,연수구,동춘동,A40675305,미래티엠에스(주),풍림건설,1993
연수우성1차,,,1088.0,인천광역시,연수구,연수동,A40676305,주식회사 푸른종합주택관리,우성건설,1994
연수대동,,,768.0,인천광역시,연수구,연수동,A40681802,미래TMS(주),대동주택종합건설,1993
송도웰카운티4단지,,,465.0,인천광역시,연수구,송도동,A40673902,(주)쌍용개발,(주)풍림건설,2010
더샵센트럴파크1,,,729.0,인천광역시,연수구,송도동,A40673904,우리관리(주),(주)포스코건설,2010
더샵그린워크2차,,,665.0,인천광역시,연수구,송도동,A40673924,우리관리주식회사,포스코건설,2014
송도센트럴파크 푸르지오,,,551.0,인천광역시,연수구,송도동,A10027887,우리관리(주),대우건설,2015
송도자이하버뷰1단지,,,546.0,인천광역시,연수구,송도동,A40673908,우리관리(주),지에스건설,2011
송도 풍림아이원2단지아파트,,,958.0,인천광역시,연수구,송도동,A40673510,서림주택관리(주),풍림산업,2005
송도 더샵 그린워크3차 18-1BL,,,780.0,인천광역시,연수구,송도동,A10027888,우리관리(주),포스코건설,2015
선학금호,,,540.0,인천광역시,연수구,선학동,A40670408,(주)쌍용개발,금호건설,1992
송도더샵마스터뷰 1단지,,,692.0,인천광역시,연수구,송도동,A10027925,우리관리(주),포스코건설,2015
연수2차현대대림아파트,,,700.0,인천광역시,연수구,동춘동,A40613001,에이제이대원 주식회사,"현대산업개발(주), 대림산업(주)",1993
동춘 무지개마을아파트,,,1068.0,인천광역시,연수구,동춘동,A40670304,주식회사 푸른종합주택관리,"태화,동보,영남,동남",1995
청학 시대 아파트,,,916.0,인천광역시,연수구,청학동,A40683010,(주)쌍용개발,시대종합건설,1994
연수주공3단지,,,1170.0,인천광역시,연수구,연수동,A40676708, ,대한주택공사,1993
송도해모로아파트,,,661.0,인천광역시,연수구,송도동,A40684008,미래TMS(주),한진중공업,2006
송도더샵마스터뷰 3단지,,,478.0,인천광역시,연수구,송도동,A10027930,우리관리(주),포스코건설,2015
송도롯데캐슬,,,643.0,인천광역시,연수구,송도동,A40673917,(주)쌍용개발,롯데건설(주),2012
송도더샵하버뷰13단지,,,553.0,인천광역시,연수구,송도동,A40673912,에이비엠(주),포스코건설,2011
송도더샵그린애비뉴7단지,,,474.0,인천광역시,연수구,송도동,A40673915,우리관리(주),포스코건설(주),2012
대림3차아파트,,,408.0,인천광역시,연수구,동춘동,A40670106,주식회사 동우개발,대림산업(주),1993
연수세경,,,567.0,인천광역시,연수구,연수동,A40681502,미래티엠에스(주),세경건설,1997
연수유천,,,788.0,인천광역시,연수구,연수동,A40676006,씨에스케이(주),유천건설,1993
연수2차 한양 아파트,,,1440.0,인천광역시,연수구,동춘동,A40675406,서림주택관리(주),(주)한양,1994
더샵센트럴파크2단지,,,632.0,인천광역시,연수구,송도동,A40673910,(주)아주관리,포스코건설,2011
연수동남,,,420.0,인천광역시,연수구,연수동,A40670705,에이비엠(주),동남기업(주),1994
송도더샵그린워크1차,,,736.0,인천광역시,연수구,송도동,A40673923,우리관리(주),포스코,2014
송도풍림아이원4단지,,,504.0,인천광역시,연수구,송도동,A40673002,(주)쌍용개발,풍림,2005
연수솔밭마을,,,1200.0,인천광역시,연수구,연수동,A40676206, ,한보철강주식회사,1993
송도더샵하버뷰14단지,,,292.0,인천광역시,연수구,송도동,A40673911,우리관리(주),(주)포스코건설,2011
송도더샵그린애비뉴8단지,,,540.0,인천광역시,연수구,송도동,A40673914,우리관리,포스코건설(주),2012
옥련동현대5차아파트,,,621.0,인천광역시,연수구,옥련동,A40672112,주식회사 푸른종합주택관리,현대산업개발,1997
연수1차 현대 아파트,,,1040.0,인천광역시,연수구,동춘동,A40675503,(주)쌍용개발,"현대산업개발,현대건설",1993
연수 성호 아파트,,,488.0,인천광역시,연수구,청학동,A40679306,주식회사 대승케이비엠,성호주택,1993
용담마을아파트,,,500.0,인천광역시,연수구,청학동,A40683007,미래티엠에스주식회사,인천 직할시 종합건설본부,1994
옥련삼성,,,612.0,인천광역시,연수구,옥련동,A40671411, ,삼성물산(주),1996
송도웰카운티3단지,,,515.0,인천광역시,연수구,송도동,A40673903,(주)쌍용개발,현진,2010
동아금호연수타운,,,1056.0,인천광역시,연수구,동춘동,A40677501,신한영관리(주),"동아건설산업(주), (주)광주고속건설",1993
옥련원흥,,,359.0,인천광역시,연수구,옥련동,A40682504,(주)화신지엠에스,원흥종합건설,1994
선학 뉴서울,,,720.0,인천광역시,연수구,선학동,A40670509,씨에스케이(주),뉴서울주택,1992
송도풍림아이원3단지아파트,,,504.0,인천광역시,연수구,송도동,A40673603,에이비엠주식회사,풍림산업(주),2005
청학 현대 아파트,,,420.0,인천광역시,연수구,청학동,A40682805,주식회사 대승케이비엠,현대산업개발(주),2000
송도더프라우3단지,,,409.0,인천광역시,연수구,송도동,A40673918,(주)쌍용개발,코오롱글로벌(주),2012
연수1차대림,,,640.0,인천광역시,연수구,연수동,A40671105,주식회사 대승케이비엠,대림산업(주),1993
옥련1차현대,,,674.0,인천광역시,연수구,옥련동,A40678904,(주)쌍용개발,현대산업개발(주),1994
연수시영1차(분양),,,370.0,인천광역시,연수구,연수동,A40676101,(주)화신지엠에스,시종합건설본부,1992
선학대동,,,390.0,인천광역시,연수구,선학동,A40680605,(주)화신지엠에스,대동건설,1992
청학 삼용 아파트,,,300.0,인천광역시,연수구,청학동,A40683002,(주)쌍용개발,삼용종합건설사업(주),1994
송도자이하버뷰2단지,,,523.0,인천광역시,연수구,송도동,A40673907,에이비엠(주),GS건설,2011
옥련아주,,,384.0,인천광역시,연수구,옥련동,A40671705,주식회사 대승케이비엠,(주)아주종합건설,1997
연수주공2차,,,960.0,인천광역시,연수구,연수동,A40676607,에이비엠(주),대한주택공사,1992
연수대우1차,,,390.0,인천광역시,연수구,연수동,A40671201,주식회사 대승케이비엠,(주)대우,1992
롯데아파트,,,320.0,인천광역시,연수구,동춘동,A40680104,(주)화신지엠에스,롯데건설,1993
연수 아주아파트,,,348.0,인천광역시,연수구,동춘동,A40680402,에이비엠(주),(주)아주건설,1994
옥련쌍용,,,574.0,인천광역시,연수구,옥련동,A40671609,주식회사 대승케이비엠,(주)남광토건,1998
선학아주,,,390.0,인천광역시,연수구,선학동,A40680606,에이비엠(주),(주)아주건설,1992
송도더샵그린워크3차 D17-1BL,,,358.0,인천광역시,연수구,송도동,A10027884,우리관리(주),포스코건설,2015
연수경남,,,620.0,인천광역시,연수구,연수동,A40671003,에이비엠(주),경남기업,1993
선학정광,,,300.0,인천광역시,연수구,선학동,A40670603, ,(주)정광건설,1991
선학태산,,,300.0,인천광역시,연수구,선학동,A40670604, ,(주)태산건설,1991
연수태산,,,420.0,인천광역시,연수구,연수동,A40670706,에이비엠(주),태산도시산업(주),1993
동춘마을아파트,,,930.0,인천광역시,연수구,동춘동,A40675208,주식회사 푸른종합주택관리,한보철강공업주,1994
송도이안아파트,,,108.0,인천광역시,연수구,송도동,A10022395,(주)쌍용개발,(주)대우자동차판매건설(현 : 대우산업개발),2006
송도더샵마스터뷰2단지,,,691.0,인천광역시,연수구,송도동,A10027929,우리관리(주),포스코건설,2015
선학대진,,,300.0,인천광역시,연수구,선학동,A40609002,화신지엠에스,대진건설,1991
연수풍림1차,,,769.0,인천광역시,연수구,연수동,A40676806,에이비엠(주),풍림산업,1992
옥련태평아파트,,,273.0,인천광역시,연수구,옥련동,A40678905,에이비엠(주),(주)태평주택,1997
동춘 태평1차아파트,,,192.0,인천광역시,연수구,동춘동,A40680301, ,태평건설,1992
연수1차 하나아파트,,,724.0,인천광역시,연수구,청학동,A40683008,주식회사 대승케이비엠,주)한국공영,1995
우주아파트,,,230.0,인천광역시,연수구,연수동,A10021078,주식회사 대승케이비엠,우주건설(주),1992
희영무지개2차아파트,,,157.0,인천광역시,연수구,선학동,A40680801, ,(주)희영공영,1995
송도더샵하버뷰2,,,548.0,인천광역시,연수구,송도동,A40673913,(주)쌍용개발,(주)포스코건설,2012
옥련현대2차,,,1180.0,인천광역시,연수구,옥련동,A40678903,(주)무림하우징,현대산업개발,1995
옥련서해,,,600.0,인천광역시,연수구,옥련동,A40671510,씨에스케이(주),서해건설,1995
옥련2차우성,,,255.0,인천광역시,연수구,옥련동,A40671801,주식회사 대승케이비엠,(주)다원종합건설,2002
선학윤성,,,423.0,인천광역시,연수구,선학동,A40680807,미래TMS(주),윤성건설,1995
연수푸르지오1단지,,,117.0,인천광역시,연수구,연수동,A10022238,에이비엠(주),(주)대우건설,2011
풍림연수3차아파트,,,440.0,인천광역시,연수구,동춘동,A40680107,미래티엠에스,풍림산업(주),1993
영종자이아파트,,,1022.0,인천광역시,중구,운남동,A40081101,우리관리(주),GS건설(주),2009
영종힐스테이트,,,1628.0,인천광역시,중구,중산동,A40084106,(주)태룡에스디,현대건설,2012
영종우미린1단지,,,1680.0,인천광역시,중구,중산동,A40084104,서림주택관리(주),(주)우산건설,2012
영종금호베스트빌2단지,,,452.0,인천광역시,중구,운서동,A40034012,씨에스케이,(주)금호산업,2003
영종 금호베스트빌1차 아파트,,,360.0,인천광역시,중구,운서동,A40034010,주식회사 푸른종합주택관리,(주)금호산업,2002
영종신명스카이뷰주얼리,,,1002.0,인천광역시,중구,중산동,A40084108,우리관리(주),(주)신명종합건설,2013
신흥아이파크 아파트,,,1330.0,인천광역시,중구,신흥동3가,A40010302,에이제이대원 주식회사,현대산업개발,2002
영종한라비발디,,,1365.0,인천광역시,중구,중산동,A40084102,광인산업(주),한라,2012
영종주공스카이빌12단지,,,323.0,인천광역시,중구,운서동,A40034008,신한영주택관리(주),대우자판외,2001
영종 풍림1차2-1단지아파트,,,650.0,인천광역시,중구,운서동,A40072514,씨에스케이(주),풍림산업(주),2002
영종한양수자인아파트,,,1304.0,인천광역시,중구,중산동,A40084105,(주)화신GMS,(주)한양,2012
영종 금호어울림1차아파트,,,328.0,인천광역시,중구,운서동,A40034009,(주)쌍용개발,금호건설(주),2009
영종 창보밀레시티5단지아파트,,,366.0,인천광역시,중구,운서동,A40034011,미래tms,창보종합건설,2003
동원베네스트 영종타운하우스,,,148.0,인천광역시,중구,운서동,A10022770,(주)화신지엠에스,동원시스템건설,2008
영종 풍림6-1차아파트,,,240.0,인천광역시,중구,운서동,A40034005,주식회사 푸른종합주택관리,풍림산업,2003
하늘도시우미린2단지,,,1287.0,인천광역시,중구,중산동,A40084103,우리관리주식회사,우미건설,2012
영종 풍림6-2차아파트,,,295.0,인천광역시,중구,운서동,A40034006, ,풍림산업(주),2002
신흥 경남아너스빌 아파트,,,408.0,인천광역시,중구,신흥동1가,A40010103,주식회사 푸른종합주택관리,경남기업,2005
신흥 삼익 아파트,,,434.0,인천광역시,중구,신흥동2가,A40010201,(주)화신지엠에스,삼익건설,1979
비취맨션3단지 아파트,,,608.0,인천광역시,중구,항동7가,A40080102,광인산업(주),라이프개발(주),1990
신흥 대림 아파트,,,240.0,인천광역시,중구,신흥동1가,A40010101,한국주택시설관리(주),대림산업(주),2002
영종금호어울림2차,,,160.0,인천광역시,중구,운서동,A40072001,(주)쌍용개발,금호건설,2009
풍림아이원3-1-1단지,,,115.0,인천광역시,중구,운서동,A10023286, ,풍림건설(주),2002
비취맨션2단지 아파트,,,854.0,인천광역시,중구,항동7가,A40080104,(주)화신지엠에스,라이프주택건설,1981
영종주공 스카이빌7단지,,,295.0,인천광역시,중구,운서동,A40034007,씨에스케이(주),대한주택공사,2002
영종동보노빌리티,,,585.0,인천광역시,중구,중산동,A40084101,율산개발(주),(주)동보주택건설,2012
영종주공스카이빌10단지,,,740.0,인천광역시,중구,운서동,A40034015,(주)쌍용개발,(주)남해건설,2001
창보밀레시티 3단지,,,198.0,인천광역시,중구,운서동,A40034001,에이비엠(주),(주)창보종합건설,2003
"창보밀레씨티 1,2단지",,,222.0,인천광역시,중구,운서동,A10024905,(주)화신지엠에스,(주) 창보종합건설,2003
